filename,zero_crossing_rate,chroma_stft,rmse,spectral_centroid,spectral_bandwidth,beat_per_minute,rolloff,mfcc_0,mfcc_1,mfcc_2,mfcc_3,mfcc_4,mfcc_5,mfcc_6,mfcc_7,mfcc_8,mfcc_9,mfcc_10,mfcc_11,mfcc_12,mfcc_13,mfcc_14,mfcc_15,mfcc_16,mfcc_17,mfcc_18,mfcc_19
door-64,0.17845662434895834,0.7387746757205084,0.08710482716560364,4605.38012282563,3455.4045186797157,184.5703125,8940.675659179688,-125.03711538165113,8.64580831130779,13.566158170362558,12.854883434508656,12.228327361432756,10.607343513081803,8.855520114716475,7.58532359627897,6.673928178688366,6.104456393642331,5.193630523274623,4.803750497939822,3.4021190575964915,3.8268442586908606,4.193780313103773,3.9072242871925114,3.5657099172366618,3.1743533191870985,3.387417750132257,2.9282059505853795
door-5,0.34378662109375,0.5268176872370526,0.0912383571267128,4779.182077691031,3008.7215797363738,161.4990234375,8380.543212890625,-89.30747269291533,-7.190893080955253,-15.290328990409622,5.47096026304703,-1.2130287755817983,6.560600653892148,-3.7807993536382156,-0.190445149231536,2.3650947212900304,1.8406240053797525,-2.3198775367604743,0.9260648939875742,9.36624467944373,-1.9682084769507278,-1.5806928022862836,6.204311123037429,1.4956434520894988,-1.087502326881085,4.058507551317876,2.7428367238950457
door-10,0.218096923828125,0.5473048503264909,0.06952939182519913,4275.10783975812,3204.5821946413103,198.76802884615384,8289.5654296875,-113.72359952278512,21.108072274368606,-7.526641821139675,0.5508026804039106,4.687503966442011,-0.6428168867066468,-7.51396456574518,0.1644218191156813,2.2450185158003566,1.6625083164582897,2.9288713557740325,-2.022211402630701,-1.928445928647203,0.9488972204965777,1.7114284870045324,4.696764702073699,3.8088332462427688,5.665408659494972,5.482127410157641,1.5449201430097488
door-31,0.0003662109375,0.8071553955956846,0.22550471127033234,4304.852465702317,3590.1990493698404,107.666015625,8874.90966796875,-79.3867825226463,3.574838666289282,3.6901229619348377,4.548884927723254,4.619759324853924,3.5929608952120335,3.820029384281901,3.751736621280536,3.4036183069525974,4.02161237189683,4.410846667339317,4.019805118381265,4.209576834830722,3.893922764674561,2.8760226770877693,3.0458082579115895,3.496704396332702,4.2061937309630855,4.638759083543003,4.798995196117113
door-57,0.007611083984375,0.7938442697499855,0.25971344113349915,4365.405080878246,3582.1403542502153,117.45383522727273,8909.048767089844,-54.640484767284505,6.097117445006929,9.556327884485528,8.043823780719565,6.35586234379357,5.235316857427239,3.4321991230656335,3.281751574057061,3.347619255976098,2.3822618272656952,3.214080194742258,3.9974988827293116,3.9171199209144816,3.775016997994614,3.5192313992655033,3.79469626522062,3.9498871620819282,4.4707917754444395,3.910007847315811,3.8909253483909274
door-60,0.34185587565104164,0.6389819704658382,0.03955768793821335,4355.229671540296,3184.2214300937007,107.666015625,8362.329711914062,-162.1052687357691,36.926835102079195,2.4521167991345476,-11.758399165906875,-6.2584141912963425,0.5084154936776016,2.808086533572298,2.655238385041822,3.828880263572709,3.693180642289654,0.4700688150935927,-0.6630463180800423,2.1683588158186806,3.6586665777749,1.6689822910902343,-0.9458485059702629,-1.2136623202725412,-0.3646168161589919,-0.12477256009919631,-0.2857225286827595
door-50,0.353619384765625,0.6685077977582355,0.07045888155698776,5129.391911817771,3067.3506215395364,143.5546875,8666.441345214844,-117.82118789736082,-9.06818179307284,-0.9654785848127507,6.3333916228626,-4.865678267449913,8.22261943717657,-5.198376236329923,2.704652623842592,3.393323877454996,0.7521879158748871,-0.03241260315089581,2.4408709308808665,3.526455816805436,-0.006516957688961966,1.8221265062352585,4.05613782277508,4.149250191523054,-0.8163876544400156,-1.1368357490675614,1.1590091056152427
door-15,0.29466349283854165,0.6834308234980363,0.10053922235965729,4422.368401389846,3323.568625409586,198.76802884615384,8602.424926757812,-80.87636223969334,29.524708577374057,13.759748153520555,9.639958815435307,8.690380157617863,7.027535679767985,5.363806589518603,4.508120883147706,3.883003141158463,2.062619380146158,0.6282420026474039,0.825269175981952,0.8001661638836379,-0.056086636165774986,-2.184081837503523,-2.0922628564936536,-0.18290820178811598,1.1757636561321487,1.3785888312265997,1.6168850866969058
door-27,0.03056640625,0.7323084786967614,0.15980608761310577,4217.949050861189,3515.2687229260455,129.19921875,8760.379943847656,-89.48256702755558,11.51575326866336,-0.49074927924528994,-0.2269955682464508,2.842849508637005,2.5542637061478737,4.085408586817939,5.576575463060449,5.288714324971849,3.5455107137405766,4.547830710249292,5.515161169623415,2.9644492819944754,2.2702858067724025,3.2459314115519415,2.3482339144682998,1.0502981785644394,2.9327953038896997,3.100176063182992,4.48965319381791
door-6,0.37246907552083336,0.4866008430755804,0.06526832282543182,4921.005431905136,3102.4162342357236,135.99917763157896,8764.910888671875,-126.48192573149326,-2.718755330690352,-10.616996075217124,0.6613347806120645,0.9645137135532921,4.253656403748377,-3.6525553410903653,-6.09740487077392,-0.4977539367441581,2.9081926208051962,1.2098947216380935,-0.27457882717231263,0.3764215017595743,1.0331417268362693,0.9314051953046201,2.4392081419860188,0.07868431294036457,-2.6143211805584756,-0.1652056233228656,0.6487919687727458
door-23,0.21991373697916666,0.7823706065517891,0.12027033418416977,4627.533898427526,3432.72229062842,99.38401442307692,8948.302001953125,-99.6879025145856,8.855837230430497,12.206305741323922,10.668730756098945,8.529730538791082,6.460178252601019,5.031393912567398,4.224009908309932,4.374746578706292,4.185029504521606,4.691874156947799,4.676512630943173,4.138231299065289,4.329331305557543,4.065588630616172,4.575451041523748,4.164408537772345,3.363931641656365,3.088517099375549,2.60592085772628
door-78,0.0065348307291666664,0.738363747485745,0.20238055288791656,4115.496426937015,3577.9442248511796,123.046875,8730.054016113281,-78.46596737151552,17.727037700714387,10.941813017403945,3.663206392825505,2.348410358762321,3.71671167212518,4.744309815828558,5.153719933963154,4.047429211321538,3.7675662987311282,3.737322276000645,2.9846034007296023,3.2394391680707733,3.4492402461140212,1.905044382447376,2.1916963481379823,2.8058133787458623,2.8052561944326024,2.342207945531079,1.4879581976355936
door-45,0.157501220703125,0.7090240225411125,0.07209426909685135,4205.675742644152,3463.7896060067005,198.76802884615384,8653.700866699219,-136.47389635788252,27.85369511320658,19.32664080749405,12.181191930330622,9.749135961694856,8.805726620627194,7.444259860884007,5.96593159126647,5.3395887423005455,4.9700036325434,4.516639884425882,5.214011994202879,5.4179607411801936,4.660004835110346,5.098381187216336,5.150520640337152,4.1943193488710415,2.9589454421858528,1.627110513061996,1.2653022907822868
door-63,0.38614298502604166,0.6977873773897233,0.046846285462379456,4885.56043028124,3252.1279623751598,135.99917763157896,8919.546203613281,-160.5267198714929,13.835726226297352,7.4091974398689935,3.7585423745445414,4.648691609492146,2.924110011669842,2.394504132834548,3.2715301736989146,3.574711653866856,3.7199260100964664,2.6827785171231167,3.274150041406517,2.393144480210272,1.5869728794143967,2.1232511484976717,1.641148359916143,0.628174436300059,0.7537769925463859,0.725344924225923,0.7066994395636624
door-68,0.009889729817708333,0.7299436076242146,0.11915265768766403,4166.320430298087,3514.0507144072194,123.046875,8643.607177734375,-118.5970691104927,15.330363178157596,8.841842403345195,11.76472556498462,5.3987488720224786,-0.6736338113068775,-0.3742862834572634,0.2868854569268809,-3.4824091714306364,-2.380797003168494,-0.5263730227913493,0.2968765871330284,-0.6630629886437079,3.7897562622042336,5.114232025867912,2.576589657091927,2.9523140190777855,2.963190217263974,2.4318366537958895,1.2956266573598063
door-24,0.32417399088541665,0.7612318113816129,0.0835900753736496,4826.799819939934,3357.552377845824,92.28515625,9050.270690917969,-113.0353561089721,10.249091115670291,13.36564684460705,11.498329092213586,8.347452944581125,4.659945545844368,3.179127247577229,3.2849564308316257,3.6902806289558043,2.663503910335114,2.9562038150006176,3.318288992894018,3.091268801666558,3.296681053004145,2.599033374539326,2.4477248454018534,2.127946693761854,2.041067772513861,1.2448105259120548,1.7194470590377928
door-33,0.006911214192708333,0.7112241753774552,0.15441222488880157,4160.983285442868,3580.2182798783856,103.359375,8778.817749023438,-102.87390677252353,16.265221025157366,10.750458521225603,3.7274476199645377,1.7704252487887087,1.8993564073110198,0.7364899678427193,-0.3399319270998904,-0.27081896629240954,0.9355825287812991,2.9888889562464227,3.038190383989138,1.9576169849193643,0.11257469043783548,-0.9245743225388618,-0.19883968237667063,0.9095862632810082,2.7248963751640902,2.5628010181409655,4.064103827813942
door-46,0.189141845703125,0.7573331357865097,0.10254133492708206,4641.893146457605,3434.9891397757387,143.5546875,8968.22021484375,-110.76285776049141,10.955246406129467,13.721063333344887,10.920585691771562,8.927307196180584,7.4848703984370015,6.840007673241603,4.8730378055655255,2.460607185622544,2.2224381829179385,3.9052785131369605,3.5566388926075736,2.9856304101649815,3.537030598684683,3.3486223371595734,2.6660053196256492,2.0671233462889065,2.9656281918693432,2.8300095017716242,1.6013735651276688
door-30,0.15587972005208334,0.6538904787223755,0.06165936961770058,4082.6202420051773,3303.7139539324153,112.34714673913044,8264.667663574219,-133.93140560620364,37.21404481182659,8.07849655090651,-0.13538025616372332,2.9658252472001347,5.936161427639241,7.348827655977917,6.631646960383964,4.9440229141469665,2.5188428869846677,-0.02063439491017789,-1.0452529135233355,1.3610945175435252,3.9451772007655252,3.5190926708403487,0.3310453117368404,-0.2826123506777885,2.8492501204986005,5.540391631486129,2.235029279692427
door-8,0.0806640625,0.5657715509382535,0.08698950707912445,4451.005287514339,3372.831562835481,112.34714673913044,8638.134155273438,-140.67819710113363,-0.5006945787027764,-3.6947777078386563,5.454912294705893,5.116703218649511,5.109423223571251,-0.23706787435299076,2.8981452040829745,1.9015066397513252,1.6483416240296596,3.647687695643007,3.320077476712387,2.8088325041501863,1.312576812809506,3.2619486590513707,4.924682133014824,3.0691082451721723,3.343596446015184,2.0582867158387774,1.6389101053471373
door-14,0.2684712727864583,0.6534177286805496,0.11876381933689117,4114.381051520263,3317.5473801978133,129.19921875,8329.267272949219,-57.457707039844564,43.78483662744087,17.699680541307817,7.21219106867474,6.027663749534151,5.100332913417505,2.965046429526674,2.5897045316084624,3.4993404342181718,2.7121586590904885,1.460222196189234,-0.541097529467061,-0.2294186656147563,0.6357345215986892,-0.833704130480659,-0.4170284881678931,0.3733313700747926,1.194356189621618,1.6387510787601263,1.7700689587458132
door-26,0.018695068359375,0.7929796183174416,0.05951504781842232,4426.744925953316,3467.4938996360493,123.046875,8729.874572753906,-182.90930841575994,7.577332222095038,3.2834633735496186,6.258086107845959,4.228318082775339,4.309710100145667,3.38290416031024,4.343942092052697,4.002677215575833,4.839252879072816,3.0079197098697548,2.2755056531160864,3.9320781681455057,2.539438248338596,2.617256156754145,3.087786923176312,2.331407768548545,3.070477106639133,1.9460431217747365,2.1163333450695356
door-75,0.37734781901041664,0.7217288402363989,0.02587958425283432,4818.075488865554,3237.554447789999,99.38401442307692,8777.785949707031,-219.9418560965924,17.673335659471224,11.394894277260626,4.863550488068284,2.1660309100874975,3.287578558055485,4.134261154083471,3.4251747106216452,1.8768875099261577,1.7484724735974553,2.189789110706572,2.2047145947427107,2.672314983176293,2.6884245477551736,2.220350075511441,0.8872199518536253,0.5219823734146904,0.2883355670732718,0.3700801668712881,1.0050001205265795
door-47,0.07439371744791666,0.7651636144994554,0.2036641240119934,4714.084099848454,3488.5516022634015,112.34714673913044,9054.532470703125,-37.15620145318203,5.98059555165816,8.421428556511469,7.353775428015825,5.983695513744363,4.203334770375088,3.556701431033855,4.017711501300914,2.649334441614711,2.816185227907066,2.7442647256238444,2.0271823072273008,2.7856771138984207,3.2051585698162857,2.8536693180420376,2.664375393416605,2.41515083710391,2.8650802247504554,2.7826893737840823,3.8592775063056064
door-74,0.0027058919270833335,0.8010573099981031,0.08646546304225922,4315.565687936191,3606.9614772144296,117.45383522727273,8884.285583496094,-174.16045883197884,4.622557788651242,8.203555263980169,6.861318312814474,6.273826179800191,5.059874765009564,5.260245569542509,5.728268515239834,4.69777303261118,4.3443319629569634,3.7622392666557003,3.5579044954100527,2.9606886082789434,3.3415982064901186,2.6446280909910485,2.6980608091668357,3.2828914699810783,3.920259700704809,4.564158596031007,4.450404310859129
door-71,0.0305908203125,0.7376224013778876,0.06695776432752609,4227.062961757757,3413.2597471149425,143.5546875,8478.923034667969,-175.6741260468655,7.473660313986924,-3.7129508814882803,5.984046089662337,-0.26888214164361035,-3.1250401589421677,3.1551595928712155,5.837226341253582,2.3296709607246857,-0.7086664241024344,2.3215595247565393,4.6397512794123665,4.310765266207431,2.235951155718618,2.8096490131197167,4.082824705203107,3.148363086257279,2.772320450166083,4.082841044015771,4.735558489971083
door-12,0.09942830403645833,0.6756106336281421,0.0832301452755928,4517.134320376691,3345.130382297504,135.99917763157896,8661.910400390625,-125.39308467499762,5.040180811120786,-2.013052422102177,7.157892079369911,5.048664477877822,7.395044071834268,2.3710913389496198,2.437944376512353,4.106712454756177,4.679439008724704,1.2308099827207244,2.6247510894724533,5.79985942389908,3.1388330364844603,2.22727478810074,5.361956472133843,2.9054899536328116,4.3667320319490175,2.773893869462314,2.7126418380615362
door-61,0.007135009765625,0.7873407219981738,0.13275833427906036,4170.400517939502,3572.5646260103667,135.99917763157896,8759.393005371094,-123.03281397949927,12.928238477284106,8.25856093151401,5.099178256763328,5.603415903637792,5.698671756189475,5.060804420773882,4.759465584600152,4.851941084838339,5.475068320849345,4.973758529855627,3.744341461971566,2.7002084701921834,2.7642827417654865,3.375286276112602,2.9047796715113936,1.9880488493572477,1.6020770040951458,1.8757418011730185,2.862818848963454
door-7,0.2998575846354167,0.49179839032758976,0.08041339367628098,4695.204976877883,3220.2644019354166,129.19921875,8779.714965820312,-113.90020213469249,3.975621409771597,-9.506615204438718,-0.3806505662264127,5.23030493500663,-1.2913345184070317,-2.9104966769571616,1.0465323532155872,3.0559941837294673,2.4172972890827196,1.7463379090169693,6.86888423115719,6.0053975234618315,7.896302284890887,4.05910709536013,1.2066213684895664,2.0899683876121924,2.73372421842098,1.1833896592882478,-0.026179529492601716
door-56,0.20435791015625,0.5268885974031366,0.12839120626449585,4261.266336341449,3476.187514123307,161.4990234375,8750.555419921875,-75.70736111067478,29.338270130406354,21.08287747539105,15.783276813881162,13.737878253569258,9.168686427101665,4.871308328674074,4.025950462616793,3.55980311110484,1.4587102099181217,1.248683424540372,4.250966295489504,6.114146487610825,4.633220643068373,2.780637202012531,3.3168528735884784,3.1749073166983948,3.56847047035924,3.024609152363334,1.7287789302277152
door-2,0.40087483723958334,0.7355283077757827,0.020836038514971733,4948.055204465417,3202.006872760988,129.19921875,8829.061889648438,-234.69096908275964,10.765882709586636,2.3754558854676016,0.3559348118516932,2.1898742163342906,2.960736603844444,2.5966017645001576,1.7066426402765016,1.8037705225030407,2.5541155753279985,2.2222446056177616,1.8854163581259609,2.091106382165402,2.843401446683957,2.1104941573570466,1.373978493789931,2.3549902001517435,3.30397402240397,2.7492636988437957,1.7911924017441194
door-22,0.025994873046875,0.7412139207404156,0.061064478009939194,4380.939311429877,3484.2163140467196,135.99917763157896,8764.103393554688,-190.71991502762114,0.5478086864071332,-3.348382010484756,2.5649794788445095,4.209447049505241,3.372987999397686,3.2443876645040812,6.15363996675067,3.842994596467805,4.535210761621807,0.4748006895687292,0.28544551459783835,0.5248006502139649,5.9688181861809095,7.037227671228288,4.082831270693094,3.360142203020885,3.9519316865774603,3.628084947135267,3.578659627240026
door-18,0.01307373046875,0.7732668162125684,0.07940347492694855,4349.983134462856,3538.3874850205298,135.99917763157896,8828.030090332031,-168.89778752277897,7.27596491727148,7.979616699479127,6.957381060833987,7.0205103893737775,6.963627008814638,6.000874282433423,4.466729126044175,3.7570353749389067,3.483398094242135,3.676858225743592,3.691667701487786,3.7459771648565434,3.5094556401527712,4.498987393831561,4.281949508009712,3.449432154496149,3.3648950016106065,3.860261117079087,3.672821164630977
door-40,0.4096577962239583,0.7559343567411869,0.06079255789518356,4953.837989773684,3217.867526183187,161.4990234375,8899.852294921875,-128.86034343985816,11.317587225378247,7.345266605083674,5.220549237834161,3.5861116348517137,3.0701978651673736,1.669871498286373,0.7661836649846544,1.2236321433489892,1.560810315536495,1.456163235054815,0.84187118466765,1.1284898784923365,1.3308334491200038,0.6123467979521761,0.5461771277638658,0.9393910081626515,1.4892192991506135,2.177896447898168,1.872730541931767
door-52,0.23131306966145834,0.4873503491263439,0.12926031649112701,4565.836735106895,3217.6776952687137,117.45383522727273,8574.207458496094,-81.12844249976814,4.139391034442028,-1.8176096885043198,10.810699042076491,3.8510273320299357,3.365331241995316,5.7245407744160355,3.578410368491593,0.9577918363922469,8.110802009305626,5.020085885942615,2.5936803892735383,6.325940575568245,3.322083170576901,3.9379426837129126,4.462000039432676,3.631285328927255,1.103085460385814,3.7589535905992557,3.732973928223751
door-19,0.4349283854166667,0.7841187684031019,0.056159861385822296,5116.375559289107,3205.2067111326296,129.19921875,9038.606872558594,-131.1189608458755,7.835120571443843,6.172758559334057,3.4418948026106166,4.0362094856877,3.919997114693074,2.3084666768122033,1.301426861835622,1.3598795711974658,2.275758751429467,1.8862659199146001,0.8094033484108287,0.11351365313687847,1.254727556332015,1.1825178839999049,0.4395936671500531,-0.6563733730386032,-0.12644233688232032,-0.574160105690895,0.5923942493996216
door-16,0.4035542805989583,0.7493470497095988,0.017439568415284157,5064.806929960355,3222.955318056624,129.19921875,8928.204345703125,-249.432234057636,7.743709202195233,4.071086562272894,2.2492117102241656,2.740283970604333,2.114829789071534,0.3482680139085501,-0.3637870199972154,1.0639470726942333,1.3538315804206766,0.7826561592156633,1.3204734770826474,0.8858169045289892,0.8472605470580726,1.1205491835696406,1.7127220654907929,0.9748305485998983,0.13600498397636845,0.04708636360873584,-0.5309462364831942
door-80,0.36375732421875,0.7568113533396397,0.11611603945493698,4878.624245049538,3320.8579080339828,135.99917763157896,9047.130432128906,-74.17480317632105,13.041994349310952,11.71278530952421,8.329212834516172,6.508724599430812,4.6462140320203105,3.543958590471187,4.022047219864885,5.220522436834934,5.175490746568287,4.647555274793249,3.5044561316327756,3.053763387997907,3.1095146424965647,2.704442979220291,1.7138171008791474,1.6931958763144517,2.432250712286348,2.6544015158303313,2.4405525112941335
door-62,0.006913248697916667,0.7732633476360563,0.10965421795845032,4246.6807698808725,3573.2733928567886,103.359375,8781.509399414062,-145.2225709467007,9.494163347797627,9.049470463195739,4.580556512234395,4.063295121860892,4.467134170311761,4.210564309168502,4.601304483485739,4.400176393424712,4.3562187579254905,3.125498000903421,2.705993406211984,2.2060019517429414,2.9166929244234674,3.119480531511566,3.235863046615974,3.1167684192450937,2.9106271847177347,2.963551512829716,2.9894868020492735
door-79,0.030379231770833334,0.7491449827296754,0.0615185871720314,4230.912163135022,3490.7862733980933,129.19921875,8654.328918457031,-174.91189187825447,19.580775883518225,14.249233544838932,6.957622076086774,4.190503337150223,3.6353409854588743,3.9651965217117398,4.5470341715470255,3.9855688511771725,3.4987934481024676,4.575811663743362,4.757939275957162,4.2011497700199145,3.0834208855373855,2.528265402096885,2.3373714579336413,1.5953541804032838,2.0002661132460124,3.321029526224313,3.6635931890101756
door-53,0.0170166015625,0.7800641875673481,0.06980115920305252,4425.23853305479,3507.482552711815,112.34714673913044,8841.219177246094,-179.45383430181263,0.6127162741906792,1.403255945314936,3.9910705924186884,0.14032807642496745,0.6693669954884558,-0.03327053142048477,2.894518460779444,4.078187542049808,4.22215572899215,3.8025460022451867,3.8571791132088395,5.203930136449585,4.416571982964992,2.625409155327469,4.970364111099025,2.515129955724414,1.7178513214023754,4.229499670636894,4.81005714872343
door-51,0.22592569986979166,0.46696825029792927,0.10112480074167252,4565.029706873017,3025.095433304969,151.99908088235293,8193.473510742188,-91.14989907915297,-8.115915638006513,-15.640074940471468,9.412934481003765,-3.0433434070191208,6.003245722830002,-3.5052345638333695,4.621463942706598,7.610241967834126,-5.090696291286705,1.1689892321923478,7.62085665759415,-0.012479013804289707,1.6644737375444143,7.063560060811635,1.0165800698951328,4.3065181264251295,4.290488728573071,-2.9641131406712646,1.4938230530466872
door-73,0.00635986328125,0.7665001459477636,0.09860286116600037,4286.121856571209,3565.3163783995024,184.5703125,8831.170349121094,-150.79518578671883,9.39502106728736,6.8253935818970275,4.269340730246593,4.25821070052916,2.6865924915385646,1.1800363935557392,1.44408801258747,2.69041719312248,2.7940220361059667,3.3170247141846563,4.034540756641504,4.369888215457498,4.194740266230438,4.022860420415671,3.3158428772687434,2.58583300649324,2.1073543082509962,3.2294431248551616,3.312677723187435
door-39,0.28460896809895836,0.6345117448432063,0.06094424054026604,4120.033698041748,3013.1184469205277,215.33203125,7818.122863769531,-97.16761757422437,22.649086724547185,-17.90259229491784,7.085058724579237,-2.5480365791713955,0.6016513061942932,-1.1397835749653922,-1.1533198787144545,4.8050593560911405,6.149378742927333,2.891474951481454,3.1446206843457127,3.198664691013923,4.524074094074427,1.004204876798814,-1.5303865393494689,0.9762056619606688,-0.4021645927860125,-3.8177622634534987,-0.5585318059013668
door-41,0.18188883463541666,0.7676767898726737,0.01711161620914936,4721.917748580334,3392.6482872669044,92.28515625,8903.800048828125,-274.75810096248296,10.375239191723585,6.293901088390461,2.9680434692963615,3.1218544409029496,3.3434264879696047,3.5501582725035736,3.7400847111700983,4.617288856986163,4.636045133128443,3.3260764111062424,3.441548864601938,3.8202029620910425,4.469236759695493,4.492436128388794,3.9590524058491052,3.969022988173204,3.6599812961810163,2.6731097930836323,2.1979331634809336
door-48,0.151995849609375,0.6246551130251011,0.06356804817914963,4332.707459265677,3096.991072845043,151.99908088235293,8059.698486328125,-133.40221968328993,6.480386341558803,-17.59065303919238,12.603076639191945,6.892708383516848,1.4477658166737917,2.754324401954138,2.0780741220950993,1.0031662853521326,3.088935956426914,1.933665936992121,3.277959074459902,4.175315024880261,-1.2939892725012963,3.54646487050612,6.77443999953184,2.1337513917931914,0.23125544682704202,3.9815981256086115,2.7764453545297516
door-32,0.020497639973958332,0.7447787720187578,0.12490774691104889,4147.716167312809,3467.3129623364525,135.99917763157896,8568.375549316406,-112.050285269978,14.600902240726395,1.1305999138524996,6.510769694352843,4.894079817768437,1.8833825150961416,4.902062929004112,3.146609394581377,2.350743180855306,4.997601139838528,3.5582177144826588,0.2562471236864702,1.5874569946194705,3.454549135321025,1.6037747331675933,1.7151782593981058,2.876805630905094,2.470701606122783,3.687576855371072,5.398732760960123
door-35,0.24797770182291667,0.632451027068324,0.06614836305379868,4358.945508281067,3169.151634304892,135.99917763157896,8251.613159179688,-111.4365955426085,19.44741496396372,-13.398089242177802,-0.03656684908229799,3.1396345792491385,2.234561011432432,1.0276193252431844,-2.2882220613670246,-2.2130521849654463,-1.3139008718458904,-1.6105462786350029,-0.5072443567679628,-0.4061876955983775,1.7994412104313966,2.6822013867264376,0.8311650801466686,-0.1008076623111735,1.0319100663603467,0.8040991202987064,0.3248844225629185
door-29,0.02508544921875,0.7540092319001099,0.17656508088111877,4142.985142312766,3569.7361811595715,99.38401442307692,8745.396423339844,-64.4463132538504,26.632150978491335,16.525685412140913,9.176438752341499,7.724674677013553,6.679186517047229,4.541157024297458,3.7849077381544447,2.8470334443560374,3.00792254806444,2.2870394701154044,2.3428530857159027,1.7883795081858167,2.2617612254172803,2.3871485484898063,2.846370591176894,2.8806707939267366,2.9600246877946472,3.373348717109576,3.7592118507601344
door-49,0.243450927734375,0.5066363820273059,0.10093966871500015,3659.441554998621,2841.9591082162765,135.99917763157896,7019.869079589844,-39.18031638678065,31.343898568276725,-26.91235561390322,16.08126917518747,2.188343959735058,-7.554795490000077,-7.944563881621687,3.4993159253576818,-0.6600719124087732,-14.229679320411105,-9.298517591196084,-3.6402728187692333,-1.319745844874179,-1.4111186607751516,-0.021497263561699852,-9.987213821704245,-7.659197633596292,1.7294576118710252,-5.9936498261163385,-2.672656635935591
door-1,0.34484456380208334,0.6359134204558742,0.058743882924318314,4563.785771555816,3282.571993204298,143.5546875,8707.219848632812,-147.37191911523095,25.573549570959464,18.887853056694023,11.35097103207571,5.858820669015906,1.6769701990216228,0.2871004412371784,0.23459662384062352,0.6573076587963179,0.022290865044383965,-1.4257536171432712,-2.291892175646315,-2.3085963663116718,-1.0215134124585288,-1.273785537973114,-2.301412715234588,-1.8926433124832343,-2.097963784370191,-1.7926088542302279,-1.3426354728285297
door-54,0.24549967447916668,0.45040044971701276,0.10564327239990234,3838.3375054296234,3044.926324442523,161.4990234375,7776.133117675781,-44.05629089807841,35.396786529648836,-32.085811395138435,-13.674975831042325,3.7786118736108496,-1.641185561166674,-2.7667883754964775,7.29714812049335,7.315025715563655,8.534572829177627,6.320555648004521,-7.799522258867619,-0.9932661627834851,7.516767348323269,1.3453517618526545,0.2269345310817767,-2.6167744913069413,-5.021940893789639,-2.154253810367131,0.6432891742751079
door-4,0.22854207356770834,0.759966282111342,0.10680937767028809,4613.546647218029,3479.099087551532,143.5546875,9010.389404296875,-91.14004451733624,14.52344376587154,14.118872220968518,9.380573951115647,6.628279890550578,5.6197255138195175,4.643786357057933,3.3781428508248434,3.9432665677028225,4.2334648658572585,4.552289234586071,4.53075564635029,5.632861639822335,5.473424519725577,5.220374475632323,5.426701732749834,6.015592123971406,5.439324332248228,4.62273780064743,5.525567462596401
door-28,0.11695963541666667,0.6276549945204095,0.14401163160800934,4240.520315445314,3393.7839736320166,92.28515625,8657.155151367188,-52.78523525479578,20.646379052525244,-3.257140196779084,-3.6942045559393137,-2.1688001690177052,-0.010531160390373865,2.4003275980983974,4.007316252662365,5.126337745440638,4.712673560657607,4.146449999801223,6.434438315662466,1.2729378423830366,-0.21547892236847435,0.6165454633487767,-0.9291502417159686,-4.133337313141804,1.7642550242712514,3.358069616611244,4.5222944107588265
door-44,0.3768534342447917,0.732961270578098,0.023957859724760056,5042.052738334171,3256.4965364233462,123.046875,8981.364440917969,-219.21275436611023,7.873514076292438,5.5110670873487555,1.6983913309980092,1.066006288780466,0.4483773243623251,-0.43357007141843246,-0.48130924537502295,-0.48661022866106113,-0.4409711438297812,0.23095419221590288,0.16759925363284114,0.7683415510154206,1.239137364177321,1.6176791917699267,1.0865442619495094,1.0218893214474905,0.8503465683749795,0.0234713465763211,1.3091995919384882
door-9,0.21281331380208332,0.5879494935344208,0.07670895010232925,4284.8844666550685,3163.9769163024494,161.4990234375,8168.755187988281,-106.5340582082314,19.660222590777845,-8.446796961978826,3.257450257631535,5.312925597774846,0.555892973896658,-3.97042710047281,0.41125270236636263,2.90271747132477,5.035524002807066,2.3979226114200163,-0.16428415322408915,-0.10400849553559795,-0.28625354400170533,2.8060200001781737,3.7749765994069544,2.088678552140132,3.2179158920108386,0.8214581926909348,1.2857490842354118
door-38,0.2605204264322917,0.5562177075158293,0.09306620806455612,3881.2729393303307,2993.692684895252,123.046875,7865.495910644531,-55.14173358857555,26.11022321992319,-43.203145315441084,-21.95569927189509,-0.162503021519019,-0.9772028752747867,-5.085262360639916,-5.848695746334012,-4.7956932758899145,-2.5357055501715062,-0.34441736609510853,1.8680400682721963,-3.896227190678009,-0.134686440183737,6.319667126390622,4.8424086347589395,-1.8684112561153448,2.34114928957814,5.463847935024123,5.156294267772353
door-66,0.148651123046875,0.5438919883225843,0.12718361616134644,3674.596596597168,3397.348169846135,89.10290948275862,8134.16748046875,-59.90135843437235,49.98553067874257,21.568684063455112,18.99708536863153,15.050633162763296,7.451773559214869,5.94181724179234,10.01328567476553,6.8770970172684995,-3.1574103652787873,-7.224102676675944,-0.21209642082932045,3.034253505043071,-3.4033065053836,-3.641979424827423,2.913001694699975,1.1091214718410902,-3.5081620009797168,-1.1499759922903692,2.9226953922065793
door-65,0.13401692708333332,0.539231476677955,0.14763635396957397,3610.8854083835718,3415.784327075314,89.10290948275862,8149.195861816406,-48.689868611088386,50.75203807791016,21.690275988704915,19.159125648412296,14.673244312517912,7.2696087483687055,8.705464423309262,11.946825316512623,7.41352087531565,-2.8463009532666583,-6.6751975023635906,-1.8025777613515728,-0.5414419544631047,-3.6693932650580168,-2.2624547561082995,2.394624215450868,0.3507907879234401,-3.232659681655855,-1.5673644022076965,1.7221707006276123
door-76,0.002679443359375,0.7747017813435713,0.21227996051311493,4228.090750530279,3601.9432896237163,117.45383522727273,8845.750122070312,-80.2251267190877,10.849786251510642,9.047679584761818,4.491376991577748,3.0092867417672524,2.1414861724252248,1.721203903983072,1.875687320946079,2.3646262539779475,2.672940148438314,2.76228088920078,2.373921417515795,1.8519423466010652,1.7917332833936035,2.1562016906526784,1.9098141734523937,2.321849612514438,2.9170491335333235,2.421233659172349,2.8321134630838767
door-67,0.11522013346354167,0.7025897027701,0.06550541520118713,4918.625565892489,3370.720630303352,129.19921875,9029.679565429688,-155.21015299176335,-2.616256001823075,4.948815852589545,5.0116247655455615,3.868806769385528,4.5383341967509825,2.88741138839383,6.338725697826304,3.8666863879156077,3.6171650848701558,2.3852387996252586,0.9501872166135868,1.0596746212634813,5.027140551704118,4.948474643511119,3.8573453564089477,2.935724898319046,5.751110613400315,2.6022427204497536,-0.9013487967655381
door-55,0.15248819986979167,0.6610845877373422,0.1769639551639557,3793.5237544378333,3487.976379502783,117.45383522727273,8418.495483398438,-33.74424567669174,47.66975838797952,25.152096783650677,19.328860967411455,19.529270940828155,11.321067175949173,4.733417615220157,5.2008204375910205,3.389611975424179,-1.5240087030513958,-2.128814688791435,4.075927274187115,6.714618487190307,3.57525278674912,2.6548812880518917,4.107507937393833,6.510160354328607,7.395497807321857,5.688920014089737,3.5478704467938105
door-17,0.006040445963541667,0.7709522052107679,0.09011818468570709,4307.511235917519,3571.7914608140027,103.359375,8854.318542480469,-160.7081938919299,7.311043047243016,5.649923556718394,4.119214071009503,5.778930519755627,5.7402394032530575,5.898180450109212,4.356106712580129,4.144712426758331,4.379840172839669,5.2759009566456765,5.155995375450981,4.629524595118722,4.437195022212731,4.241368152589553,3.4775625927929643,2.7249482965201888,2.5460537841399473,2.9591064245948133,3.6973762479379184
door-77,0.19617513020833333,0.6661647588812394,0.05699091777205467,3992.636906511684,3452.2563207261537,92.28515625,8442.989501953125,-144.49590544353774,43.4484038463376,22.770028197659865,11.020876267875309,8.659292216448973,7.18180356479649,2.7235756942169704,2.5190299779165204,1.1998402885222983,3.8690076917609835,4.117456405190933,4.8290608832005395,4.119402714278823,4.395105167839954,5.148578715525138,3.4706532562679278,2.7556454104701826,1.5910954007400855,1.3517751336412454,0.9218867807217852
door-34,0.005690511067708333,0.7155054975179174,0.1519213616847992,4138.516920832962,3589.7201566824647,161.4990234375,8779.356079101562,-104.80557428168332,17.45146667393294,10.866524120564447,3.7571193370800584,2.594532433118973,1.7718590485819476,0.28752712761880567,-0.5943994950318445,-0.38099276133042964,1.4228902348061714,2.803298160243775,2.551318122287541,2.0334068803953715,-0.660513002056863,-1.2324748800810779,-0.3085446789405871,1.9580489351963157,1.742465426875817,2.627831466357804,3.367962152149146
door-21,0.039788818359375,0.7380559947299987,0.18388999998569489,4061.453782961103,3598.883899500884,103.359375,8724.491271972656,-79.03150387078865,19.834639945748698,19.464468081039385,16.12090706616248,12.736746144876577,9.768760923289754,7.992813958834623,6.745088372240347,5.356566228532313,4.636326134949375,4.2765335846610215,3.087979654407251,2.4577113238044968,2.0208191938673616,2.385554474907501,3.606452371316287,4.364401442009111,4.416148706980243,4.55999867306347,4.209560385611048
door-58,0.026548258463541665,0.7801075892586978,0.09064698219299316,4450.920947499457,3525.7428866941186,123.046875,8889.938049316406,-141.81949930096982,7.392600029371473,10.214475214533683,9.591693871345543,7.306702716931683,5.282866714626152,4.882133304632167,4.747940625353587,4.06486000221921,4.238046202490303,3.8812765486387235,3.9135369422252797,4.400347723464629,4.036038889758286,4.089493677364754,3.949029864828047,4.3980681188577595,4.743757784488713,4.3119365761622275,3.952415556644726
door-20,0.012628173828125,0.7784305194577488,0.2609928250312805,4137.868194837707,3623.304438446478,161.4990234375,8794.563903808594,-63.484556234356795,10.642371712062504,13.991770057435561,11.5770171985589,9.706890034778821,7.650872737162275,6.330752098254793,5.072704225816394,4.679867365162238,4.735777335078618,5.224485827135455,5.019516562081038,4.247602380118879,5.267826080602388,4.779915874772436,4.447792471141683,4.557125896389097,4.461368202298333,4.980363604762729,5.611045036339686
door-69,0.10834147135416666,0.6015594417429647,0.16166914999485016,4656.057606892831,3436.898458441091,112.34714673913044,8985.536499023438,-65.84563355453109,3.371485365140373,-0.33988413080589763,2.7491368425356884,5.154126247796201,4.41512626981225,3.6518802093895593,3.3240316579857034,2.2876203629209666,2.423760974783668,4.572197237169536,4.229777127766423,2.5632532739678178,1.2962172456551964,1.7339603594285369,3.2629679709104846,3.6550454808849397,4.3377795273013335,2.7605628750678615,1.8456066777898206
door-59,0.11993408203125,0.775645758522119,0.0631752535700798,4609.85849598558,3423.6795438081613,143.5546875,8892.809143066406,-152.96081532132936,12.19466648693714,13.122316876895995,8.212317785633036,4.55835070225376,3.0527330326710143,2.5406347760403234,3.0744476692990546,3.7605130724728375,3.5471035801833497,2.9618961880758943,2.609397102591969,2.663088383188094,3.7572520005763312,3.9660753299202596,3.310501135491352,3.6159660148138744,4.217148157017628,3.7358054609980655,2.6199424004766483
door-72,0.05340983072916667,0.6213618474863785,0.10876013338565826,4097.931098360816,3382.9000457709426,184.5703125,8404.543762207031,-101.86810217356178,21.252786767563045,-2.954446115499731,1.4530985072346163,6.01684518953715,6.968775670813385,7.0427523189515515,3.6652175854730427,2.878630793446012,3.673312876701422,6.912009244875151,6.427972590089989,1.2332741666753042,-0.07479634417683603,1.8449715106719609,4.6746096188608615,6.331456213042302,4.870779186193647,3.6356299141150297,1.8631186448560357
door-36,0.23033854166666667,0.5248693576666238,0.08628856390714645,3638.5481356018677,2996.514738291692,112.34714673913044,7557.257080078125,-62.42222402744281,38.31807003685248,-37.971343230151845,-21.922032593855477,-3.7350543395899374,-2.6173520665393384,-6.56705118479709,-9.385736116375957,-4.738191716098754,-0.6915452417584123,0.9960250094276782,1.105947979564515,-1.294601225692811,3.1008929531413414,2.143358338942168,-5.854752877851441,-9.013809372505625,-3.827492486940874,5.858378581255631,9.024018030811249
door-43,0.010589599609375,0.7458367940563732,0.050550155341625214,4414.71799540557,3535.9991065944396,92.28515625,8863.42529296875,-207.9957361571496,8.271996522787656,8.061880329934125,3.788396679358629,2.7915109709281207,2.9034395282725067,3.0926962353726757,3.4519808468021136,3.4844383432192245,2.823800039092951,3.693742408947074,3.0673275788127965,2.933768554034401,3.892252801362596,3.9888619557605076,4.057783134959332,4.301329471210198,4.0431188967475595,4.533024444313196,3.4399093880602387
door-11,0.19378255208333334,0.5730977360210537,0.04881473258137703,4456.070017474868,3196.012339407479,99.38401442307692,8361.3427734375,-149.7944088790441,10.489656587978176,-4.3183228314334166,6.827772097987461,2.6208153060653294,-1.8720627834546364,-13.079845293672445,2.90409722307204,1.8266182247098883,2.5077145552931013,4.688782431954412,-4.163337917589832,-2.5696647043048295,-1.6183047232538916,-1.0905433364494135,6.231109195790362,0.052783449597531513,4.014653315846284,3.355994699352067,-1.0145452130120058
door-13,0.029742431640625,0.7262950305849311,0.06610748916864395,4244.946544912523,3490.329758081242,172.265625,8653.341979980469,-170.45884256112356,16.801273889707254,9.110670282474816,5.25887360813944,6.874587182931801,8.346197435953831,7.5870863026525175,6.285434468338478,4.997431399464063,4.031205100059707,4.175392051583389,5.351915397139106,5.533121922679738,5.6318229447231065,4.39104996318545,3.4937242122553567,3.7389110700875823,2.1416098703751496,1.5985065117906356,0.8498884025831754
door-42,0.0048563639322916664,0.7949905613881175,0.18534205853939056,4479.659330620359,3570.8367618816173,123.046875,8987.016906738281,-82.20398690409242,2.944047090155142,6.851453445864183,6.033325614449586,5.3264310029388495,4.503181669610446,3.1322853923080696,3.180603841140324,4.005287724118167,4.012192384561934,4.0893874024411865,3.3249845331109498,3.1916722627575504,2.950939699006079,3.009615346687832,3.203120556936564,4.683994632292062,4.104420384556376,4.21682778136399,4.684614110568509
door-70,0.13086344401041666,0.3788765725923145,0.17137952148914337,4038.1344909878544,3263.118563367077,143.5546875,8202.266235351562,-45.35276508152885,14.73527014051032,-7.771681427410665,6.7392253168507805,-1.2504353725379815,6.814649085916339,3.5720815635431706,1.133545530243962,6.712079463471765,1.8508773072111149,-1.1537477632236617,2.8869778915284416,3.5228496818197508,6.0521684025003974,3.6702067335067454,1.200450222192553,0.8811013093339551,2.0284850399195045,3.563002989173368,3.4328720688453545
door-25,0.011808268229166667,0.7608630591859846,0.04874880984425545,4321.498740192134,3526.9806807370014,135.99917763157896,8761.232299804688,-211.7361673209592,12.014386348977265,9.504174884232649,4.464136519679261,2.95148841818524,1.8931724075908378,2.0658707501928935,1.9342252951074612,1.732479320667479,2.538705713569987,3.0140024897314603,3.304308765315514,3.2277013004605997,2.2596266414909896,2.140488316248158,1.3610170407665587,1.5426156855576214,2.5725017210277756,3.177361893056542,2.65484442051343
door-3,0.2985026041666667,0.7594175753698257,0.01754649542272091,4874.112676864877,3292.2527451758933,123.046875,8838.527526855469,-256.34766236346593,10.56217095042217,2.8810007309294603,-0.5317377161665173,3.385046601799134,4.166899966378741,2.28063917184127,1.937660187790705,3.704699594893347,4.780775701943885,3.6707720505283112,2.382522976278598,2.880524743716874,3.4830507192134927,4.309749732230094,3.4498392340992976,2.546617461806024,2.8280718437771672,2.8786640053361734,3.3987511356185136
door-37,0.23622233072916668,0.5473372210189226,0.08507227897644043,3702.1957586776493,2939.053068383961,143.5546875,7531.3275146484375,-58.1224402027071,29.85384057677126,-46.56368430076643,-25.78103163603627,-9.064230391460633,-0.5618125361085897,-3.1451004028446303,-3.4075190274800007,-3.0394500787427527,-2.1007946282528094,4.203549442185476,1.8570052875509486,-5.664355184348764,2.0720664716838533,0.30772321340652814,-6.521556268591515,-5.153109825238796,1.5300536007749912,6.534821521681647,5.819262323324406
glass-40,0.08477376302083334,0.7390998157809324,0.02849477343261242,4939.761268858725,3392.721788869645,123.046875,9107.602844238281,-242.0579239743567,-6.231242918227078,1.6579846029586538,4.526271770650695,2.856366782541426,4.1879188722220695,3.5479032964270556,3.687954782617566,2.946789661822531,2.3932374858533954,3.0676111886831574,3.4441058625952343,3.1013153435224963,4.196081557356095,2.7832780388243488,3.282211822529105,2.336842492528627,2.51380795422817,3.6189826653919206,3.2719471323232794
glass-17,0.050457763671875,0.7816030717487225,0.06514786183834076,4686.91404651178,3533.685343635177,112.34714673913044,9096.522216796875,-170.16229051260737,1.7084758256370527,5.17992648650234,4.542706618491083,5.335193389546894,4.147649537488013,5.357908354794541,5.041635658303447,4.50587025537013,3.3677247899000813,4.123113497274245,4.81867460037827,3.319778293162591,2.7591508978664687,2.352820839784461,3.0443314121894276,2.9325908056895162,3.685042806045943,2.2282259531063624,3.04401940019409
glass-6,0.057598876953125,0.7634336181701373,0.04270227625966072,4879.388985530477,3466.976192930723,117.45383522727273,9142.100830078125,-207.18026360813855,-3.09890534582558,4.3581029634932555,4.046495698420126,4.110245760796122,3.616081267654287,2.720342341629064,3.382662083961638,3.3411679408064305,3.986290139767022,1.834053795239645,2.2484093001773666,3.4381077104319266,2.5676826803381316,2.6103263918597217,2.815486034718134,3.3818249980189763,3.351550491879886,3.1510864246160697,2.126574421435622
glass-27,0.042161051432291666,0.7831765038637575,0.060776326805353165,4678.877949425157,3444.181022003589,112.34714673913044,8944.53369140625,-184.83298401543854,-5.658641581582281,3.315637670178138,6.548114087561826,1.5095831161710023,4.8733508354533,2.8851422772867283,3.711676696681837,3.4477087537942728,4.05891793990992,3.992954021183205,4.331672452253092,3.1701933799672855,3.089174268372467,2.329113160452178,3.6185956822435656,3.1453248832821097,3.582127239273987,4.419072564268619,5.057297958222336
glass-24,0.0047261555989583336,0.7941843523468113,0.1451532542705536,4411.407903369537,3585.3230094227356,117.45383522727273,8935.471801757812,-125.01442466670409,-1.882929697148838,3.668255954245181,5.160596799897574,4.7316634346157995,4.281442150185374,4.0468785270291985,4.322494945182244,3.833741836395235,3.683401421477156,4.3195638317543,4.424811021353167,3.685076092849014,3.3036103025436154,4.159449430839884,4.328272035638791,3.2585025870277877,4.017053698914705,3.0340086537675917,2.6737730792685266
glass-3,0.18870849609375,0.7573277027786784,0.02924427203834057,4961.997102309743,3354.0200785688776,99.38401442307692,9088.536987304688,-208.99106155915905,2.928998955470107,4.19625019649577,3.763232563077477,1.9128609380968493,3.229291891691589,2.1559984645491332,3.668881309722655,1.812575193964858,2.4639403231800534,2.9112266968738325,1.5888240441624741,2.6669796607898726,2.3633441021646737,1.8488714620613316,3.113244961049671,3.156904670850666,2.663676580883979,2.3737685145207594,2.4999531857984776
glass-26,0.03299357096354167,0.7884299262304144,0.05451207980513573,4619.3611968044115,3464.5184767927003,123.046875,8919.232177734375,-201.00321984815153,-5.3650844628711605,3.335145060983722,7.337494151011884,1.7469051918439242,5.357752852690881,3.5953561644268293,3.9332100139484734,4.020055692236521,3.0910470832264516,3.8799129299533863,4.634440205078408,3.113602088414347,3.5952696231968733,3.1903859316126972,3.6530632307215334,3.0440810881018816,2.8934738123995194,2.9721840090166376,3.786516417243762
glass-4,0.4869466145833333,0.7757827618299092,0.018906593322753906,5431.386730668102,3187.620000900249,117.45383522727273,9297.453918457031,-225.6567952472005,-3.082629850267776,-0.7835078273365916,0.7973054342745767,1.4125143953594994,0.9980362855353904,0.31231780672726805,0.3400217652043196,-0.3121141958198402,-0.18897202631417903,-0.4668753036932605,-0.23835259927658828,-0.3042526857037788,0.11348827269231723,0.6913897250364969,0.6568313417612067,-0.4898523318673573,0.13609076807076176,-0.019281066364610147,-0.977996912868136
glass-30,0.45721842447916666,0.666911536775607,0.14880821108818054,5187.173176128938,3061.4366709565993,129.19921875,8889.175415039062,-19.106613585614483,-1.9424802685891966,-3.1899543383956535,4.746908258341074,-1.8420871005011148,0.8521948330207559,-2.5537551597877783,1.6368905718225326,-0.527533264816541,0.8819204131103893,-0.5803613262754345,0.9674121900393212,-0.037426649225011106,2.097810932537646,-0.8130108080487055,0.5772675401526489,-1.622879345049377,0.5515483100337008,0.028690184031276367,0.33222296408992424
glass-23,0.256915283203125,0.763104725206569,0.012947005219757557,5156.17623892911,3331.450493837638,143.5546875,9211.814575195312,-280.3888299746173,-2.4575054034690123,1.6241811185100983,2.5994151409611845,2.02111748310547,1.75424572308424,2.1012950122197056,2.539300235245658,1.7362838979403183,2.149726894220613,2.1560417237460974,2.651899098298862,2.1237439184275093,1.2911629603972552,2.6187129935250355,2.263402468307107,2.458794587828888,3.2385194077588797,2.5417339598129858,2.6023836124279502
glass-29,0.453594970703125,0.5512679153028273,0.16471248865127563,5193.477653872336,2979.752059106999,51.6796875,8807.43896484375,-18.44374295453162,-10.196714884476073,-8.08585501161176,6.666292104572079,-3.6587424091618184,0.8925388448212074,-0.6413406468420898,0.6934167148953653,-0.747682214150606,1.419647803273301,-1.3852173474861007,2.1427958484194125,-0.5822313348869166,0.7677342195297162,-0.39041560047475693,2.0679264552878474,0.47202174980610134,1.0202484162410534,-1.055246826640092,2.638212234569331
glass-20,0.15553995768229167,0.7740108688214169,0.03672019764780998,5103.114149131894,3381.610369880093,107.666015625,9227.246704101562,-196.30206489547157,-4.991583111801019,1.4445882633098728,2.0986685546398496,2.5570502315932258,2.206552904338464,2.82870929796841,3.083535942550072,2.6802570672914023,2.4792904969603202,1.5926962458186227,2.3412263029249667,3.197452344096966,4.4346741727843675,3.3528492128140415,3.4363015676239383,3.4465484855916544,2.597679708462285,2.0451433072904286,3.2135119700911234
glass-37,0.45654296875,0.6991066206032599,0.05646283179521561,5320.374239694976,3239.2503326562146,129.19921875,9262.103576660156,-123.96030271319312,0.6804577304203837,6.021220384969547,4.674919409267117,1.4097567676242029,-1.006778469438881,-0.6364076363433995,-0.9851708014543346,-0.4582120656218149,-0.25985370527398277,-0.9409553379723781,2.0252537855146096,-0.07005036810223791,0.8934399381382758,0.42036359058158296,1.4518753457185267,1.0835483871246805,0.5402164862094261,-0.8915010377400923,0.5237900643719157
glass-21,0.051009114583333334,0.7603210476924095,0.029827889055013657,4816.710738245194,3524.4681051206508,103.359375,9160.852661132812,-249.31292098671818,-2.0480175285169095,3.6200433824098033,2.6217716236457167,4.587751429007663,2.662687973020712,4.219356383797832,2.9718327710403503,3.323483620711103,3.6376771049731564,3.692893663711129,2.3821096801632082,3.2358702964342196,3.758442258760015,3.725395351509333,3.6292779201742036,2.31932333840805,3.7923138523303956,3.2410880679854115,4.341002343831243
glass-38,0.3111348470052083,0.7292477425474301,0.01053842343389988,5321.841485570969,3313.2202301167254,135.99917763157896,9276.50390625,-311.23455318654953,-5.142842999670063,4.116987125354632,2.5247942960056045,2.8430089862090417,2.658132518557098,2.235717041284287,0.38702791979175083,2.0823608543999814,2.27126732848858,1.88021691583967,3.189607414394268,1.4309949878454673,2.36994977954826,1.4288132961775768,2.6967036389143413,2.3560100862087836,2.921471710632785,2.5983230355720317,2.470555921296678
glass-8,0.299847412109375,0.7456971326842304,0.011906194500625134,5176.710418631168,3294.1660122525905,112.34714673913044,9181.937255859375,-290.4948463209469,-2.2064930538124465,2.8942704769440697,3.1495361741696972,1.7858381591513706,3.3916959238035504,2.5281661201596903,2.8777308892579154,2.0676848259367366,2.43723136083769,3.0129632739404664,2.9112236760009154,2.2777320569198305,1.9755754629230537,1.7414137739175228,1.5262541809316863,1.352755617800362,2.594762150022922,2.5637516180252296,2.499386352736488
glass-9,0.40763956705729165,0.6846266951708613,0.017858566716313362,4900.044242921462,3189.6586065077718,103.359375,8942.200927734375,-223.74742971806774,8.538187894588754,-14.131924125109302,-7.126603330944202,1.9999518684689142,-3.5336424259014128,-5.679690788630286,-3.2820231899375405,-1.1123046119563946,0.8934031582822818,-0.4698914314139444,-0.11863292578069341,-1.1444982285492,-1.65337489329483,-1.7553958827046907,0.37453709974234584,-1.6144934370061117,-0.5650082930432762,-1.798881622319887,-2.081972106169551
glass-36,0.09261678059895834,0.751574953518096,0.04981434345245361,4961.761442662695,3411.65122973056,117.45383522727273,9145.734558105469,-177.3585838954404,-2.744972628880969,2.7309915620595424,3.596384617152319,1.8291594396789785,2.9794112684711167,2.054195996450301,2.04525327203797,2.5084365347778648,2.577498339027882,1.95744944962754,2.9873221342679144,3.572808326152759,2.717373150954531,3.2119977551079226,3.44096469262239,2.3894877556026795,2.670172099050544,2.5754537126794044,2.212102085254339
glass-32,0.069921875,0.7874539963414646,0.018766827881336212,4910.622158003934,3432.187081443785,103.359375,9104.911193847656,-271.79779378849446,-0.05239149606126029,4.56590536345773,3.759361274739652,2.829003547325714,2.981370559022612,2.221133406128382,3.48458436714448,2.7730199577097525,3.5927002717093557,2.548746399199329,2.705931587921529,2.544065358314654,2.8829789703678785,2.606765289526952,2.8324992467734744,2.7366227341969753,3.248451605970772,3.943756350555604,4.278074065061745
glass-39,0.005255126953125,0.7968215300907939,0.08653085678815842,4405.7710535972055,3593.494615389516,107.666015625,8919.546203613281,-178.0594769465583,-2.0511374230570865,3.9466978204247836,3.584928452083179,3.260205209480824,4.685775262011723,4.048662085743801,4.447923082737731,3.614103985713457,3.8439906176636387,3.960924852177477,4.289768370636064,4.152272583691282,3.5786737461839278,3.46505045950876,3.2407386375766056,4.25750221424926,4.180264525452582,3.546543149174923,4.155707418390643
glass-13,0.20096842447916666,0.720006643947323,0.031734365969896317,4868.222145019717,3308.012476467417,161.4990234375,8935.740966796875,-193.33011598857146,4.71633034773297,0.8219729846292161,4.1014988513791195,-0.1338742243117546,0.6152602857439364,-1.0891155862917954,0.4007312962954238,-0.6564447047709069,0.732899113062347,0.21177779345159067,0.5778832116274703,0.6592470360056916,2.5400963480454988,2.0219803256692086,1.3321690796952612,0.7169055893024473,2.9601800285034567,1.9782284118897067,3.3686737336586123
glass-31,0.445770263671875,0.6808557239529415,0.15209831297397614,5145.962517178626,3125.698066120766,86.1328125,8954.761962890625,-17.97741210199012,1.0035068479125437,-3.8711071983864946,4.052211430243274,0.6931245299666995,0.7850340849928117,-0.9484829010572166,0.6483060968795092,-1.4601301411016148,0.849667976188078,-0.10779909076849314,0.2555609088297963,-0.5094537399611812,0.6249884148847203,-0.6877089842446196,1.4320727474821575,-1.3092012364815262,-0.440904976723778,-1.7345490819557294,-0.3446694714114855
glass-35,0.040323893229166664,0.7743850480809142,0.04659726470708847,4806.10227525227,3446.6298753065685,103.359375,9076.60400390625,-195.89637851730657,-2.9621201623964257,2.733063425152264,5.058530352916701,2.5239817030137406,3.173645989541326,2.7918746308103755,2.895384896086184,2.7181697405274727,2.13019077240603,2.2836971615703154,3.108180120926008,2.6882291724167344,2.6611055741706773,2.4723318593641683,3.8948849988186485,3.9617149022589655,4.219838246553203,3.8563387071885247,2.722934583276684
glass-5,0.06940511067708334,0.7434114856456819,0.03641698509454727,4951.245236883445,3444.0788245056397,78.30255681818181,9137.435302734375,-221.11976970210193,-5.43962683917597,3.993086561915562,2.2319424813352158,3.484684159899095,4.482461884830422,3.363087097193829,3.9183716943672544,3.5263367211133336,3.839459521002829,3.541255717787778,3.93820858131771,3.6250810627371814,3.295187985249395,2.2435673399901543,3.5440929785461064,1.7484694237519876,3.7143285212840267,3.296787629120403,3.9154487613794657
glass-33,0.2631734212239583,0.7654795112620343,0.018630610778927803,5171.248786991274,3339.0715365003007,135.99917763157896,9225.990600585938,-244.40118512057052,-2.4391012414420197,3.423303704653547,3.427714588072341,2.4642438780972884,3.397343232411028,3.0850026037123985,2.487971994462229,2.817885222820027,2.614843728429395,2.3885688554031463,2.8916137655930787,2.604490935595794,3.342602972204443,1.7786251378932505,2.156123003844677,2.6928482633495663,1.514614405582264,2.2016712229300963,2.5884885277615504
glass-12,0.06563720703125,0.7533789344657994,0.12798434495925903,4529.829086643081,3380.496849817471,129.19921875,8695.017700195312,-103.47437753781294,-2.7313696999129955,1.9904168411729861,13.014049293337631,3.7277919708327265,4.900633060980442,0.20142391574915805,3.07804517924509,2.925709100853809,1.9932862050263664,2.258997662529992,3.4953727930449463,3.3576707609383405,1.8564314427275703,1.0278073195805497,2.202175815169064,3.0946762889738713,3.783298045474594,2.54418914219101,4.186588747965922
glass-1,0.4427998860677083,0.7422168917953973,0.08097482472658157,5179.144338017275,3200.6408486251185,123.046875,9080.955505371094,-83.05003918516213,4.1365370377025705,3.7578412271024337,5.883761994737634,2.6331595065198656,4.147744630185665,2.4550022719492586,4.193868559127762,1.7000114208363404,1.822737922244206,0.8931758642215402,1.7677987549101368,0.7389890688641755,2.584988323787643,1.2279557483818315,2.6359696344867,1.946108572251292,0.8175961079528326,-0.15355172466601938,1.5244279840649606
glass-14,0.45060628255208335,0.7126513869750046,0.023255297914147377,5365.005052742586,3198.9693086949865,117.45383522727273,9245.99853515625,-210.9230606010614,-5.20236549528542,2.2578548776626226,3.1833486903591637,-0.45135850080884127,0.5543457964250263,-0.7535175578981643,-1.4325960831876807,0.2806058803531004,-0.35071131923060006,-0.0266243253216872,0.6473862606438546,0.38795271101318035,0.8068614745920998,-0.6906851147748317,1.4381983400748601,0.13542319701066946,0.4431483426660761,1.3252512441137605,2.5530559673215776
glass-34,0.4920430501302083,0.7673780466030736,0.013613220304250717,5483.19541532174,3163.0329923432605,184.5703125,9322.575988769531,-258.48193629235203,-6.445013930303718,-1.3183981389092092,-0.5947917891072881,-1.6360470840545422,0.053577374066796336,-0.10707560369454588,0.3306376715094592,2.3678696727359028,1.2993982563360922,0.05207298936217709,0.6473555929269968,-0.5787146403042371,0.5594475707016738,0.2988101024042423,1.0575626476150248,-0.3129068788663704,-0.3293850730184898,-0.04964411417221231,0.13563610176349628
glass-25,0.019647216796875,0.7950048290658713,0.08492346853017807,4442.085267293453,3503.382812308426,67.99958881578948,8825.38330078125,-162.71754686184147,-0.053394641388513735,4.464925488438534,8.331444591081615,2.966976203535657,4.822966415481139,3.5337775640590707,3.907535126225052,4.348670134210656,3.783744845225988,3.894423792688671,4.98399900936783,4.636891418780222,5.038461488768315,3.53668319617711,4.239951762521904,4.0245199492707275,4.0168414654881675,3.1083622103914084,2.5730100056271334
glass-2,0.45543212890625,0.7500075137111172,0.04030950739979744,5368.841675670754,3251.577144363253,73.828125,9293.73046875,-160.00930679654417,-1.3554000648239557,2.5921122868534074,-0.9145047483745167,0.9300861608812241,1.6517621271574836,1.2890486667262164,1.9868835699210534,0.9138225242664003,1.8696920035087048,-0.2882287218894447,1.3880122273504727,0.09114534974117892,1.0385934345529138,1.7449738523001825,0.42664349547958363,0.46583501517339626,0.8015910790011215,0.2696133521562506,0.5621313941992614
glass-18,0.46420084635416664,0.7590656437996366,0.015941321849822998,5451.532056453368,3223.4461535468304,172.265625,9343.526000976562,-253.25001755275807,-6.598781729139133,1.2188989074149048,1.5185010723818082,2.5435587839764424,1.853412240321125,1.3080328866388264,1.5024149802956221,0.423451567562916,0.43138422917459196,1.772423465245635,1.9454474177185437,1.543032197642586,0.858678611066105,0.750271220299531,1.3697796944121463,1.4761273498349612,2.2173898921781823,1.328437826940567,1.687595325356468
glass-11,0.48911946614583335,0.6654905885428852,0.050744134932756424,5506.668181293305,2983.361566134683,107.666015625,9076.559143066406,-139.73395417031907,-21.081777510541382,-5.60080987079829,5.644279287271717,-1.600843612769888,1.713265230933164,-0.8416616483292659,2.0185089021146276,0.25902764203962414,1.968807638852803,0.8946744896435747,1.4651342661921405,-1.5322552295224587,-1.9392033842611975,-2.126583907512268,2.2034130503967764,-0.7758949832620111,-0.387926993462564,-0.5965476720963615,-0.45447479772304944
glass-19,0.03976033528645833,0.7750854125005213,0.059303950518369675,4738.240429227128,3526.362299542829,117.45383522727273,9118.95263671875,-189.78227459006254,-3.5793983254141626,3.1460043862009455,2.904498448348694,4.5048319817622655,3.990133409293321,4.961421604092015,2.8166826924596324,2.69573073582051,3.682056791265864,3.717258211479135,4.1754597044090875,3.5045320952782353,3.500452514797061,2.3160232751099055,3.9451771078045548,3.605002418635986,3.52947833394463,3.2841976473459265,4.640168878865194
glass-10,0.09638264973958334,0.6828140385534619,0.1237017959356308,4656.317149241833,3290.3227158994455,60.09265988372093,8684.744567871094,-89.56799661901431,-7.427971530796105,-2.292116472581819,11.451594241778805,2.744489223517841,5.553648970973183,2.0182524694435227,5.900879609208041,5.205292546188275,6.48264016858376,4.3570767565791,3.465759815886613,2.783356714765344,4.218354919585731,3.0541010505111528,3.2201964812667816,0.5564744962029148,4.0609095860123805,3.7177681401045364,3.5621267568130603
glass-16,0.11696573893229166,0.6173008204606281,0.031074386090040207,4807.632019694141,3337.2431974929136,161.4990234375,8898.730773925781,-224.73294745237112,-1.4425127743277244,-3.2659018591412683,1.5472445966885604,1.0251914456770765,2.9765753044954466,3.8900303886268146,1.9327124151101918,0.49015193664199924,3.5524947757164913,1.861144845879712,4.505241916364627,4.103517334990228,2.5892505672735213,2.6186480836687696,1.687962337032905,3.1960916600315787,3.150101432465787,3.129814167163181,1.3500466082888485
glass-28,0.017529296875,0.8024375783918755,0.08945964276790619,4517.360448278349,3519.7703120782003,129.19921875,8895.276489257812,-163.7285645589428,-4.335184776837176,4.093683492872406,6.271145678286568,2.6190392909598788,4.812587968880719,3.0950153710985835,4.0495418349649865,4.49936051911384,4.669432018038678,3.542921388342735,3.9874306707053004,3.6721490437645685,4.254629642862117,2.937675243362428,3.36547632614198,3.1290977749147344,3.730012779700164,4.38352705393929,3.5483874495251664
glass-7,0.029884847005208333,0.7530521805705446,0.055636100471019745,4708.713121632316,3531.038894521129,123.046875,9047.713623046875,-207.52460748842222,-5.857533855395494,6.301799100146794,4.5813390289339955,4.677309650897805,4.889012427839333,4.711677221019452,5.282929311502816,4.044376193226144,3.9275377083586123,4.274388034104146,3.476220072597001,3.7030057831907954,4.87061679114687,3.8373038396597625,4.334448659515157,3.5463411282574877,3.4214541643225336,3.2634747510194035,4.0776798813769135
glass-15,0.48756306966145835,0.7220045540368962,0.06703996658325195,5447.337335155409,3121.7985787206967,151.99908088235293,9259.142761230469,-100.20262200729599,-7.314432110414169,0.10610728008905615,2.511736788271648,-3.4693645485753053,-3.0714726008698294,-2.419563592138275,-2.5227663333382258,-1.7504450904991067,-1.5326329180894585,-2.172841257364238,-1.7817962632137163,-2.9701521557789587,-1.3201570470254647,-3.220375208392174,-0.13698415730651411,-0.6385534053086127,0.39880751639616735,-1.2170326275716439,0.8879731725562539
glass-22,0.0034077962239583335,0.8085129966074671,0.14786648750305176,4394.954951398922,3595.3751371025555,143.5546875,8946.911315917969,-125.34172915688272,-1.6879591092275594,3.6568481521475475,4.198290093338493,3.6082481012619483,4.0066475574421725,4.476557940844585,4.417697310919569,3.858550219821526,3.954348859467686,4.824360118185947,4.707240258647414,3.8897548957378616,3.5040021411074336,4.0815957757559405,4.1737989008061644,3.7064154446433815,3.3021878223372227,3.373155800384261,3.5681976489867413
